ğŸ‡¦ğŸ‡« Afghanistan,af
ğŸ‡¦ğŸ‡± Albania,al
ğŸ‡©ğŸ‡¿ Algeria,dz
ğŸ‡¦ğŸ‡¸ American Samoa,as
ğŸ‡¦ğŸ‡© Andorra,ad
ğŸ‡¦ğŸ‡´ Angola,ao
ğŸ‡¦ğŸ‡® Anguilla,ai
ğŸ‡¦ğŸ‡¬ Antigua & Barbuda,ag
ğŸ‡¦ğŸ‡· Argentina,ar
ğŸ‡¦ğŸ‡² Armenia,am
ğŸ‡¦ğŸ‡¼ Aruba,aw
ğŸ‡¦ğŸ‡º Australia,au
ğŸ‡¦ğŸ‡¹ Austria,at
ğŸ‡¦ğŸ‡¿ Azerbaijan,az
ğŸ‡§ğŸ‡¸ Bahamas,bs
ğŸ‡§ğŸ‡­ Bahrain,bh
ğŸ‡§ğŸ‡© Bangladesh,bd
ğŸ‡§ğŸ‡§ Barbados,bb
ğŸ‡§ğŸ‡¾ Belarus,by
ğŸ‡§ğŸ‡ª Belgium,be
ğŸ‡§ğŸ‡¿ Belize,bz
ğŸ‡§ğŸ‡¯ Benin,bj
ğŸ‡§ğŸ‡² Bermuda,bm
ğŸ‡§ğŸ‡¹ Bhutan,bt
ğŸ‡§ğŸ‡´ Bolivia,bo
ğŸ‡§ğŸ‡¦ Bosnia,ba
ğŸ‡§ğŸ‡¼ Botswana,bw
ğŸ‡§ğŸ‡· Brazil,br
ğŸ‡»ğŸ‡¬ British Virgin Islands,vg
ğŸ‡§ğŸ‡³ Brunei,bn
ğŸ‡§ğŸ‡¬ Bulgaria,bg
ğŸ‡§ğŸ‡« Burkina Faso,bf
ğŸ‡§ğŸ‡® Burundi,bi
ğŸ‡°ğŸ‡­ Cambodia,kh
ğŸ‡¨ğŸ‡² Cameroon,cm
ğŸ‡¨ğŸ‡¦ Canada,ca
ğŸ‡¨ğŸ‡» Cape Verde,cv
ğŸ‡°ğŸ‡¾ Cayman Islands,ky
ğŸ‡¨ğŸ‡« Central African Republic,cf
ğŸ‡¹ğŸ‡© Chad,td
ğŸ‡¨ğŸ‡± Chile,cl
ğŸ‡¨ğŸ‡³ China,cn
ğŸ‡¨ğŸ‡´ Colombia,co
ğŸ‡°ğŸ‡² Comoros,km
ğŸ‡¨ğŸ‡¬ Congo - Brazzaville,cg
ğŸ‡¨ğŸ‡© Congo - Kinshasa,cd
ğŸ‡¨ğŸ‡° Cook Islands,ck
ğŸ‡¨ğŸ‡· Costa Rica,cr
ğŸ‡­ğŸ‡· Croatia,hr
ğŸ‡¨ğŸ‡º Cuba,cu
ğŸ‡¨ğŸ‡¼ CuraÃ§ao,cw
ğŸ‡¨ğŸ‡¾ Cyprus,cy
ğŸ‡¨ğŸ‡¿ Czechia,cz
ğŸ‡¨ğŸ‡® CÃ´te dâ€™Ivoire,ci
ğŸ‡©ğŸ‡° Denmark,dk
ğŸ‡©ğŸ‡¯ Djibouti,dj
ğŸ‡©ğŸ‡² Dominica,dm
ğŸ‡©ğŸ‡´ Dominican Republic,do
ğŸ‡ªğŸ‡¨ Ecuador,ec
ğŸ‡ªğŸ‡¬ Egypt,eg
ğŸ‡¸ğŸ‡» El Salvador,sv
ğŸ‡¬ğŸ‡¶ Equatorial Guinea,gq
ğŸ‡ªğŸ‡· Eritrea,er
ğŸ‡ªğŸ‡ª Estonia,ee
ğŸ‡¸ğŸ‡¿ Eswatini,sz
ğŸ‡ªğŸ‡¹ Ethiopia,et
ğŸ‡«ğŸ‡´ Faroe Islands,fo
ğŸ‡«ğŸ‡¯ Fiji,fj
ğŸ‡«ğŸ‡® Finland,fi
ğŸ‡«ğŸ‡· France,fr
ğŸ‡¬ğŸ‡« French Guiana,gf
ğŸ‡µğŸ‡« French Polynesia,pf
ğŸ‡¹ğŸ‡« French Southern Territories,tf
ğŸ‡¬ğŸ‡¦ Gabon,ga
ğŸ‡¬ğŸ‡² Gambia,gm
ğŸ‡¬ğŸ‡ª Georgia,ge
ğŸ‡©ğŸ‡ª Germany,de
ğŸ‡¬ğŸ‡­ Ghana,gh
ğŸ‡¬ğŸ‡· Greece,gr
ğŸ‡¬ğŸ‡± Greenland,gl
ğŸ‡¬ğŸ‡© Grenada,gd
ğŸ‡¬ğŸ‡µ Guadeloupe,gp
ğŸ‡¬ğŸ‡º Guam,gu
ğŸ‡¬ğŸ‡¹ Guatemala,gt
ğŸ‡¬ğŸ‡³ Guinea,gn
ğŸ‡¬ğŸ‡¼ Guinea-Bissau,gw
ğŸ‡­ğŸ‡¹ Haiti,ht
ğŸ‡­ğŸ‡³ Honduras,hn
ğŸ‡­ğŸ‡° Hong Kong,hk
ğŸ‡­ğŸ‡º Hungary,hu
ğŸ‡®ğŸ‡¸ Iceland,is
ğŸ‡®ğŸ‡³ India,in
ğŸ‡®ğŸ‡© Indonesia,id
ğŸŒ International,int
ğŸ‡®ğŸ‡· Iran,ir
ğŸ‡®ğŸ‡¶ Iraq,iq
ğŸ‡®ğŸ‡ª Ireland,ie
ğŸ‡®ğŸ‡± Israel,il
ğŸ‡®ğŸ‡¹ Italy,it
ğŸ‡¯ğŸ‡² Jamaica,jm
ğŸ‡¯ğŸ‡µ Japan,jp
ğŸ‡¯ğŸ‡´ Jordan,jo
ğŸ‡°ğŸ‡¿ Kazakhstan,kz
ğŸ‡°ğŸ‡ª Kenya,ke
ğŸ‡°ğŸ‡® Kiribati,ki
ğŸ‡½ğŸ‡° Kosovo,xk
ğŸ‡°ğŸ‡¼ Kuwait,kw
ğŸ‡°ğŸ‡¬ Kyrgyzstan,kg
ğŸ‡±ğŸ‡¦ Laos,la
ğŸ‡±ğŸ‡» Latvia,lv
ğŸ‡±ğŸ‡§ Lebanon,lb
ğŸ‡±ğŸ‡¸ Lesotho,ls
ğŸ‡±ğŸ‡· Liberia,lr
ğŸ‡±ğŸ‡¾ Libya,ly
ğŸ‡±ğŸ‡® Liechtenstein,li
ğŸ‡±ğŸ‡¹ Lithuania,lt
ğŸ‡±ğŸ‡º Luxembourg,lu
ğŸ‡²ğŸ‡´ Macao,mo
ğŸ‡²ğŸ‡¬ Madagascar,mg
ğŸ‡²ğŸ‡¼ Malawi,mw
ğŸ‡²ğŸ‡¾ Malaysia,my
ğŸ‡²ğŸ‡» Maldives,mv
ğŸ‡²ğŸ‡± Mali,ml
ğŸ‡²ğŸ‡¹ Malta,mt
ğŸ‡²ğŸ‡­ Marshall Islands,mh
ğŸ‡²ğŸ‡¶ Martinique,mq
ğŸ‡²ğŸ‡· Mauritania,mr
ğŸ‡²ğŸ‡º Mauritius,mu
ğŸ‡¾ğŸ‡¹ Mayotte,yt
ğŸ‡²ğŸ‡½ Mexico,mx
ğŸ‡«ğŸ‡² Micronesia,fm
ğŸ‡²ğŸ‡© Moldova,md
ğŸ‡²ğŸ‡¨ Monaco,mc
ğŸ‡²ğŸ‡³ Mongolia,mn
ğŸ‡²ğŸ‡ª Montenegro,me
ğŸ‡²ğŸ‡¸ Montserrat,ms
ğŸ‡²ğŸ‡¦ Morocco,ma
ğŸ‡²ğŸ‡¿ Mozambique,mz
ğŸ‡²ğŸ‡² Myanmar,mm
ğŸ‡³ğŸ‡¦ Namibia,na
ğŸ‡³ğŸ‡· Nauru,nr
ğŸ‡³ğŸ‡µ Nepal,np
ğŸ‡³ğŸ‡± Netherlands,nl
ğŸ‡³ğŸ‡¨ New Caledonia,nc
ğŸ‡³ğŸ‡¿ New Zealand,nz
ğŸ‡³ğŸ‡® Nicaragua,ni
ğŸ‡³ğŸ‡ª Niger,ne
ğŸ‡³ğŸ‡¬ Nigeria,ng
ğŸ‡³ğŸ‡º Niue,nu
ğŸ‡³ğŸ‡« Norfolk Island,nf
ğŸ‡°ğŸ‡µ North Korea,kp
ğŸ‡²ğŸ‡° North Macedonia,mk
ğŸ‡²ğŸ‡µ Northern Mariana Islands,mp
ğŸ‡³ğŸ‡´ Norway,no
ğŸ‡´ğŸ‡² Oman,om
ğŸ‡µğŸ‡° Pakistan,pk
ğŸ‡µğŸ‡¼ Palau,pw
ğŸ‡µğŸ‡¸ Palestine,ps
ğŸ‡µğŸ‡¦ Panama,pa
ğŸ‡µğŸ‡¬ Papua New Guinea,pg
ğŸ‡µğŸ‡¾ Paraguay,py
ğŸ‡µğŸ‡ª Peru,pe
ğŸ‡µğŸ‡­ Philippines,ph
ğŸ‡µğŸ‡³ Pitcairn Islands,pn
ğŸ‡µğŸ‡± Poland,pl
ğŸ‡µğŸ‡¹ Portugal,pt
ğŸ‡µğŸ‡· Puerto Rico,pr
ğŸ‡¶ğŸ‡¦ Qatar,qa
ğŸ‡·ğŸ‡´ Romania,ro
ğŸ‡·ğŸ‡º Russia,ru
ğŸ‡·ğŸ‡¼ Rwanda,rw
ğŸ‡·ğŸ‡ª RÃ©union,re
ğŸ‡¼ğŸ‡¸ Samoa,ws
ğŸ‡¸ğŸ‡² San Marino,sm
ğŸ‡¸ğŸ‡¦ Saudi Arabia,sa
ğŸ‡¸ğŸ‡³ Senegal,sn
ğŸ‡·ğŸ‡¸ Serbia,rs
ğŸ‡¸ğŸ‡¨ Seychelles,sc
ğŸ‡¸ğŸ‡± Sierra Leone,sl
ğŸ‡¸ğŸ‡¬ Singapore,sg
ğŸ‡¸ğŸ‡½ Sint Maarten,sx
ğŸ‡¸ğŸ‡° Slovakia,sk
ğŸ‡¸ğŸ‡® Slovenia,si
ğŸ‡¸ğŸ‡§ Solomon Islands,sb
ğŸ‡¸ğŸ‡´ Somalia,so
ğŸ‡¿ğŸ‡¦ South Africa,za
ğŸ‡°ğŸ‡· South Korea,kr
ğŸ‡¸ğŸ‡¸ South Sudan,ss
ğŸ‡ªğŸ‡¸ Spain,es
ğŸ‡±ğŸ‡° Sri Lanka,lk
ğŸ‡§ğŸ‡± St. BarthÃ©lemy,bl
ğŸ‡¸ğŸ‡­ St. Helena,sh
ğŸ‡°ğŸ‡³ St. Kitts & Nevis,kn
ğŸ‡±ğŸ‡¨ St. Lucia,lc
ğŸ‡²ğŸ‡« St. Martin,mf
ğŸ‡µğŸ‡² St. Pierre & Miquelon,pm
ğŸ‡»ğŸ‡¨ St. Vincent & Grenadines,vc
ğŸ‡¸ğŸ‡© Sudan,sd
ğŸ‡¸ğŸ‡ª Sweden,se
ğŸ‡¨ğŸ‡­ Switzerland,ch
ğŸ‡¸ğŸ‡¾ Syria,sy
ğŸ‡¸ğŸ‡¹ SÃ£o TomÃ© & PrÃ­ncipe,st
ğŸ‡¹ğŸ‡¼ Taiwan,tw
ğŸ‡¹ğŸ‡¯ Tajikistan,tj
ğŸ‡¹ğŸ‡¿ Tanzania,tz
ğŸ‡¹ğŸ‡­ Thailand,th
ğŸ‡¹ğŸ‡± Timor-Leste,tl
ğŸ‡¹ğŸ‡¬ Togo,tg
ğŸ‡¹ğŸ‡° Tokelau,tk
ğŸ‡¹ğŸ‡´ Tonga,to
ğŸ‡¹ğŸ‡¹ Trinidad & Tobago,tt
ğŸ‡¹ğŸ‡³ Tunisia,tn
ğŸ‡¹ğŸ‡· Turkey,tr
ğŸ‡¹ğŸ‡² Turkmenistan,tm
ğŸ‡¹ğŸ‡¨ Turks & Caicos Islands,tc
ğŸ‡¹ğŸ‡» Tuvalu,tv
ğŸ‡»ğŸ‡® U.S. Virgin Islands,vi
ğŸ‡ºğŸ‡¬ Uganda,ug
ğŸ‡ºğŸ‡¦ Ukraine,ua
ğŸ‡¦ğŸ‡ª United Arab Emirates,ae
ğŸ‡¬ğŸ‡§ United Kingdom,uk
ğŸ‡ºğŸ‡¸ United States,us
ğŸ‡ºğŸ‡¾ Uruguay,uy
ğŸ‡ºğŸ‡¿ Uzbekistan,uz
ğŸ‡»ğŸ‡º Vanuatu,vu
ğŸ‡»ğŸ‡¦ Vatican City,va
ğŸ‡»ğŸ‡ª Venezuela,ve
ğŸ‡»ğŸ‡³ Vietnam,vn
ğŸ‡¼ğŸ‡« Wallis & Futuna,wf
ğŸ‡ªğŸ‡­ Western Sahara,eh
ğŸ‡¾ğŸ‡ª Yemen,ye
ğŸ‡¿ğŸ‡² Zambia,zm
ğŸ‡¿ğŸ‡¼ Zimbabwe,zw
ğŸ‡¦ğŸ‡½ Ã…land Islands,ax